"Cognition","Honesty","Communication","Rep","Coop_Ewan","Payout"
"Mini","Free","both",1,0.940265487,2.991150442
"Mini","Free","both",2,0.947807933,3.025052192
"Mini","Free","both",3,0.949367089,2.974683544
"Mini","Free","both",4,0.94809322,2.925847458
"Mini","Free","both",5,0.947105788,2.972055888
"Mini","Free","both",6,0.947105788,2.969061876
"Mini","Free","both",7,0.94813278,2.995850622
"Mini","Free","both",8,0.94661191,2.95687885
"Mini","Free","both",9,0.939484127,2.946428571
"Mini","Free","both",10,0.946215139,2.9312749
"Mini","Free","none",1,0.912778905,2.839756592
"Mini","Free","none",2,0.909626719,2.81827112
"Mini","Free","none",3,0.922043011,2.903225806
"Mini","Free","none",4,0.889937107,2.732704403
"Mini","Free","none",5,0.920841683,2.866733467
"Mini","Free","none",6,0.88836773,2.788930582
"Mini","Free","none",7,0.90392157,2.867647059
"Mini","Free","none",8,0.901020408,2.848979592
"Mini","Free","none",9,0.8722334,2.697183099
"Mini","Free","none",10,0.870672098,2.679226069
"Mini","Free","gossip",1,0.884199134,2.813852814
"Mini","Free","gossip",2,0.907992565,2.866171004
"Mini","Free","gossip",3,0.908906883,2.873481781
"Mini","Free","gossip",4,0.916498994,2.879275654
"Mini","Free","gossip",5,0.893700787,2.785433071
"Mini","Free","gossip",6,0.924770642,2.855963303
"Mini","Free","gossip",7,0.923913043,2.895652174
"Mini","Free","gossip",8,0.917808219,2.858121331
"Mini","Free","gossip",9,0.914092664,2.859073359
"Mini","Free","gossip",10,0.907265774,2.86042065
"Mini","Free","between",1,0.926386233,2.954110899
"Mini","Free","between",2,0.92099567,2.875541126
"Mini","Free","between",3,0.94123506,2.962151394
"Mini","Free","between",4,0.93120155,2.938953488
"Mini","Free","between",5,0.947261663,2.984787018
"Mini","Free","between",6,0.936363636,2.939393939
"Mini","Free","between",7,0.935869565,2.941304348
"Mini","Free","between",8,0.930232558,2.888565891
"Mini","Free","between",9,0.947674419,2.992248062
"Mini","Free","between",10,0.935387674,2.922465209
"Mini","Forced","none",1,0.851626016260163,2.67581300813008
"Mini","Forced","none",2,0.911439114391144,2.860701107
"Mini","Forced","none",3,0.891732283464567,2.847440945
"Mini","Forced","none",4,0.891752577319588,2.82886597938144
"Mini","Forced","none",5,0.921814671814672,2.92664092664093
"Mini","Forced","none",6,0.908350305498982,2.79226069246436
"Mini","Forced","none",7,0.89065606361829,2.75745526838966
"Mini","Forced","none",8,0.878,2.715
"Mini","Forced","none",9,0.912955465587044,2.86842105263158
"Mini","Forced","none",10,0.905844155844156,2.83549783549784
"Mini","Forced","gossip",1,0.889002036659878,2.78615071283096
"Mini","Forced","gossip",2,0.929961089494164,2.90661478599222
"Mini","Forced","gossip",3,0.88728323699422,2.79190751445087
"Mini","Forced","gossip",4,0.906976744186046,2.8816067653277
"Mini","Forced","gossip",5,0.904867256637168,2.84845132743363
"Mini","Forced","gossip",6,0.911205073995772,2.90274841437632
"Mini","Forced","gossip",7,0.896749521988528,2.77820267686424
"Mini","Forced","gossip",8,0.910358565737052,2.87350597609562
"Mini","Forced","gossip",9,0.897233201581028,2.77766798418972
"Mini","Forced","gossip",10,0.881656804733728,2.81262327416174
"Mini","Forced","between",1,0.947013487475915,3.01926782273603
"Mini","Forced","between",2,0.921428571428571,2.89795918367347
"Mini","Forced","between",3,0.924897119341564,2.96502057613169
"Mini","Forced","between",4,0.917782026768642,2.91778202676864
"Mini","Forced","between",5,0.935203094777563,2.95841392649903
"Mini","Forced","between",6,0.929012345679012,2.94650205761317
"Mini","Forced","between",7,0.93421052631579,2.9746963562753
"Mini","Forced","between",8,0.94375,2.98541666666667
"Mini","Forced","between",9,0.906873614190687,2.92682926829268
"Mini","Forced","between",10,0.93796992481203,3.0187969924812
"Mini","Forced","both",1,0.93904958677686,2.97830578512397
"Mini","Forced","both",2,0.94558521560575,2.95277207392197
"Mini","Forced","both",3,0.948343079922027,2.98343079922027
"Mini","Forced","both",4,0.946498054474708,3.03210116731517
"Mini","Forced","both",5,0.959143968871595,3
"Mini","Forced","both",6,0.94040404040404,2.98282828282828
"Mini","Forced","both",7,0.936263736263736,2.96483516483516
"Mini","Forced","both",8,0.94,3.012
"Mini","Forced","both",9,0.941584158415842,2.92871287128713
"Mini","Forced","both",10,0.950404858299595,3.02024291497976
"Nano","Free","both",1,0.940545808966862,2.90545808966862
"Nano","Free","both",2,0.917735042735043,2.82692307692308
"Nano","Free","both",3,0.955734406438632,2.97183098591549
"Nano","Free","both",4,0.953191489361702,2.94255319148936
"Nano","Free","both",5,0.945525291828794,2.94163424124514
"Nano","Free","both",6,0.929046563192905,2.88248337028825
"Nano","Free","both",7,0.935714285714286,2.89081632653061
"Nano","Free","both",8,0.94047619047619,2.8968253968254
"Nano","Free","both",9,0.936770428015564,2.81517509727626
"Nano","Free","both",10,0.943579767,2.94163424124514
"Nano","Free","none",1,0.911881188118812,2.9049504950495
"Nano","Free","none",2,0.897330595482546,2.80184804928131
"Nano","Free","none",3,0.900749064,2.81460674157303
"Nano","Free","none",4,0.894949494949495,2.79191919191919
"Nano","Free","none",5,0.917,2.848
"Nano","Free","none",6,0.903071017274472,2.82629558541267
"Nano","Free","none",7,0.903525046382189,2.84322820037106
"Nano","Free","none",8,0.902509652509652,2.83204633204633
"Nano","Free","none",9,0.902803738,2.79719626168224
"Nano","Free","none",10,0.901529636711281,2.87954110898662
"Nano","Free","gossip",1,0.896653543307087,2.78937007874016
"Nano","Free","gossip",2,0.920550847457627,2.91737288135593
"Nano","Free","gossip",3,0.898580121703854,2.85598377281947
"Nano","Free","gossip",4,0.90650406504065,2.85467479674797
"Nano","Free","gossip",5,0.915686274509804,2.86176470588235
"Nano","Free","gossip",6,0.911937377690802,2.90704500978474
"Nano","Free","gossip",7,0.910420475319927,2.80621572212066
"Nano","Free","gossip",8,0.903732809430255,2.8565815324165
"Nano","Free","gossip",9,0.91362763915547,2.88291746641075
"Nano","Free","gossip",10,0.918410041841004,2.85669456066946
"Nano","Free","between",1,0.945,2.952
"Nano","Free","between",2,0.931,2.893
"Nano","Free","between",3,0.945179584,2.96691871455577
"Nano","Free","between",4,0.915674603174603,2.89186507936508
"Nano","Free","between",5,0.934362934362934,2.89478764478764
"Nano","Free","between",6,0.924145299145299,2.83867521367521
"Nano","Free","between",7,0.925619834710744,2.8801652892562
"Nano","Free","between",8,0.942622950819672,2.92622950819672
"Nano","Free","between",9,0.947316103379722,2.93141153081511
"Nano","Free","between",10,0.94661191,2.90349075975359
"GPT","Free","both",1,0.982625482625483,2.92084942084942
"GPT","Free","both",2,0.975471698113208,2.99811320754717
"GPT","Free","both",3,0.9824016563147,2.94513457556936
"GPT","Free","both",4,0.974304069,2.96895074946467
"GPT","Free","both",5,0.982178217821782,3.05841584158416
"GPT","Free","both",6,0.965263157894737,2.96526315789474
"GPT","Free","both",7,0.980612244897959,3.03673469387755
"GPT","Free","both",8,0.967647058823529,2.97450980392157
"GPT","Free","both",9,0.979879275653924,2.965794769
"GPT","Free","both",10,0.977223427331887,2.9880694143167
"GPT","Free","none",1,0.929530201342282,2.88702460850112
"GPT","Free","none",2,0.938775510204082,2.92142857142857
"GPT","Free","none",3,0.934782608695652,2.8592132505176
"GPT","Free","none",4,0.917171717171717,2.81616161616162
"GPT","Free","none",5,0.972328244274809,2.95515267175573
"GPT","Free","none",6,0.931992337164751,2.8955938697318
"GPT","Free","none",7,0.877712031558185,2.70216962524655
"GPT","Free","none",8,0.925047438330171,2.83586337760911
"GPT","Free","none",9,0.903092783505155,2.75876288659794
"GPT","Free","none",10,0.946969697,2.88541666666667
"GPT","Free","gossip",1,0.956435643564356,2.87425742574257
"GPT","Free","gossip",2,0.921875,2.795898438
"GPT","Free","gossip",3,0.956653225806452,2.95665322580645
"GPT","Free","gossip",4,0.957943925233645,2.90560747663551
"GPT","Free","gossip",5,0.947775628626692,2.90909090909091
"GPT","Free","gossip",6,0.931481481481482,2.79907407407407
"GPT","Free","gossip",7,0.903030303030303,2.78484848484848
"GPT","Free","gossip",8,0.949685535,2.87526205450734
"GPT","Free","gossip",9,0.945866141732283,2.85629921259843
"GPT","Free","gossip",10,0.941064639,2.90589353612167
"GPT","Free","between",1,0.965250965250965,3.02027027
"GPT","Free","between",2,0.958483754512635,2.93501805054152
"GPT","Free","between",3,0.965931863727455,2.97194388777555
"GPT","Free","between",4,0.961393596986817,2.99717514124294
"GPT","Free","between",5,0.965827338129496,2.92985611510791
"GPT","Free","between",6,0.957915831663327,2.90080160320641
"GPT","Free","between",7,0.958154506437768,2.99034334763948
"GPT","Free","between",8,0.960500963391137,2.96628131021195
"GPT","Free","between",9,0.97,2.957
"GPT","Free","between",10,0.976459510357815,2.95291902071563
"Mini","Free","both",11,0.942973523421589,2.9959266802444
"Mini","Free","both",12,0.9541015625,3.00390625
"Mini","Free","both",13,0.933009708737864,2.98252427184466
"Mini","Free","both",14,0.945866141732283,2.98129921259843
"Mini","Free","both",15,0.942460317460317,2.97123015873016
"Mini","Free","both",16,0.96234309623431,3.03138075313807
"Mini","Free","both",17,0.95427435387674,3.03180914512922
"Mini","Free","both",18,0.949203187250996,3.03585657370518
"Mini","Free","both",19,0.960685483870968,3
"Mini","Free","both",20,0.954446854663774,2.97830802603037
"Mini","Free","none",11,0.914760914760915,2.83887733887734
"Mini","Free","none",12,0.898785425101215,2.83502024291498
"Mini","Free","none",13,0.922105263157895,2.83789473684211
"Mini","Free","none",14,0.88339552238806,2.77518656716418
"Mini","Free","none",15,0.902930402930403,2.7481684981685
"Mini","Free","none",16,0.90356394129979,2.82809224318658
"Mini","Free","none",17,0.886128364389234,2.7287784679089
"Mini","Free","none",18,0.911706349206349,2.86607142857143
"Mini","Free","none",19,0.893194706994329,2.84499054820416
"Mini","Free","none",20,0.921359223300971,2.87669902912621
"Mini","Free","gossip",11,0.895793499043977,2.80879541108987
"Mini","Free","gossip",12,0.877777777777778,2.77272727272727
"Mini","Free","gossip",13,0.905154639175258,2.85773195876289
"Mini","Free","gossip",14,0.886756238003839,2.71880998080614
"Mini","Free","gossip",15,0.928861788617886,2.8770325203252
"Mini","Free","gossip",16,0.897003745318352,2.75749063670412
"Mini","Free","gossip",17,0.890526315789474,2.76210526315789
"Mini","Free","gossip",18,0.915896487985213,2.8373382624769
"Mini","Free","gossip",19,0.906603773584906,2.80660377358491
"Mini","Free","gossip",20,0.912698412698413,2.82539682539683
"Mini","Free","between",11,0.944933920704846,2.95704845814978
"Mini","Free","between",12,0.917197452229299,2.90658174097665
"Mini","Free","between",13,0.938818565400844,2.97679324894515
"Mini","Free","between",14,0.915151515151515,2.92020202020202
"Mini","Free","between",15,0.92843137254902,2.99019607843137
"Mini","Free","between",16,0.946828358208955,3.01212686567164
"Mini","Free","between",17,0.941787941787942,2.94594594594595
"Mini","Free","between",18,0.951107011070111,3.00738007380074
"Mini","Free","between",19,0.940803382663848,2.94503171247357
"Mini","Free","between",20,0.94,2.98315789473684
"Mini","Forced","none",11,0.922845691382766,2.84869739478958
"Mini","Forced","none",12,0.879078694817658,2.72456813819578
"Mini","Forced","none",13,0.898305084745763,2.84651600753296
"Mini","Forced","none",14,0.861224489795918,2.70918367346939
"Mini","Forced","none",15,0.901162790697674,2.79360465116279
"Mini","Forced","none",16,0.900614754098361,2.86885245901639
"Mini","Forced","none",17,0.909594095940959,2.80627306273063
"Mini","Forced","none",18,0.895593869731801,2.81992337164751
"Mini","Forced","none",19,0.905189620758483,2.77744510978044
"Mini","Forced","none",20,0.891944990176817,2.79567779960707
"Mini","Forced","gossip",11,0.911111111111111,2.85353535353535
"Mini","Forced","gossip",12,0.908088235294118,2.85110294117647
"Mini","Forced","gossip",13,0.910989010989011,2.7989010989011
"Mini","Forced","gossip",14,0.92004048582996,2.88663967611336
"Mini","Forced","gossip",15,0.931481481481482,2.86666666666667
"Mini","Forced","gossip",16,0.917315175097276,2.8784046692607
"Mini","Forced","gossip",17,0.891089108910891,2.75742574257426
"Mini","Forced","gossip",18,0.884920634920635,2.78174603174603
"Mini","Forced","gossip",19,0.924489795918367,2.88265306122449
"Mini","Forced","gossip",20,0.91542750929368,2.85315985130112
"Mini","Forced","between",11,0.942800788954635,3.05325443786982
"Mini","Forced","between",12,0.921370967741936,2.93346774193548
"Mini","Forced","between",13,0.941737288135593,2.96398305084746
"Mini","Forced","between",14,0.946911196911197,3.05019305019305
"Mini","Forced","between",15,0.936190476190476,2.95714285714286
"Mini","Forced","between",16,0.942857142857143,2.9952380952381
"Mini","Forced","between",17,0.915991902834008,2.94331983805668
"Mini","Forced","between",18,0.933127572016461,2.96090534979424
"Mini","Forced","between",19,0.919387755102041,2.96224489795918
"Mini","Forced","between",20,0.930851063829787,3.00212765957447
"Mini","Forced","both",11,0.935515873015873,2.98412698412698
"Mini","Forced","both",12,0.937864077669903,2.96699029126214
"Mini","Forced","both",13,0.947422680412371,3.01443298969072
"Mini","Forced","both",14,0.947314049586777,2.9504132231405
"Mini","Forced","both",15,0.938383838383838,2.97676767676768
"Mini","Forced","both",16,0.948514851485148,2.96435643564356
"Mini","Forced","both",17,0.959280303030303,2.97348484848485
"Mini","Forced","both",18,0.960079840319361,3.07584830339321
"Mini","Forced","both",19,0.947115384615385,2.95384615384615
"Mini","Forced","both",20,0.940340909090909,2.98295454545455
"Nano","Free","both",11,0.930616740088106,2.86563876651982
"Nano","Free","both",12,0.939148073022312,2.93002028397566
"Nano","Free","both",13,0.936695278969957,2.88412017167382
"Nano","Free","both",14,0.952286282306163,2.92942345924453
"Nano","Free","both",15,0.946911196911197,2.90250965250965
"Nano","Free","both",16,0.956740442655936,2.97585513078471
"Nano","Free","both",17,0.923580786026201,2.87882096069869
"Nano","Free","both",18,0.953465346534653,2.96039603960396
"Nano","Free","both",19,0.93429158110883,2.86139630390144
"Nano","Free","both",20,0.917008196721312,2.82274590163934
"Nano","Free","none",11,0.894503546099291,2.80053191489362
"Nano","Free","none",12,0.906708595387841,2.87840670859539
"Nano","Free","none",13,0.899193548387097,2.85282258064516
"Nano","Free","none",14,0.901140684410646,2.84885931558935
"Nano","Free","none",15,0.918386491557223,2.86210131332083
"Nano","Free","none",16,0.923580786026201,2.88864628820961
"Nano","Free","none",17,0.90258449304175,2.87475149105368
"Nano","Free","none",18,0.900952380952381,2.87047619047619
"Nano","Free","none",19,0.911214953271028,2.9
"Nano","Free","none",20,0.884090909090909,2.80568181818182
"Nano","Free","gossip",11,0.904545454545454,2.84772727272727
"Nano","Free","gossip",12,0.918674698795181,2.90763052208835
"Nano","Free","gossip",13,0.920792079207921,2.87227722772277
"Nano","Free","gossip",14,0.92094455852156,2.87268993839836
"Nano","Free","gossip",15,0.895454545454546,2.80181818181818
"Nano","Free","gossip",16,0.9140625,2.900390625
"Nano","Free","gossip",17,0.890077821011673,2.77334630350195
"Nano","Free","gossip",18,0.904716981132075,2.83962264150943
"Nano","Free","gossip",19,0.894467213114754,2.76536885245902
"Nano","Free","gossip",20,0.913894324853229,2.84344422700587
"Nano","Free","between",11,0.931001890359168,2.84499054820416
"Nano","Free","between",12,0.939457202505219,2.88726513569937
"Nano","Free","between",13,0.94811320754717,2.95188679245283
"Nano","Free","between",14,0.923679060665362,2.88845401174168
"Nano","Free","between",15,0.958015267175572,3.0324427480916
"Nano","Free","between",16,0.950404858299595,2.91599190283401
"Nano","Free","between",17,0.937984496124031,2.90116279069767
"Nano","Free","between",18,0.924547283702213,2.82193158953722
"Nano","Free","between",19,0.939252336448598,2.88130841121495
"Nano","Free","between",20,0.944990176817289,2.94007858546169
"GPT","Free","both",11,0.97568093385214,2.95330739299611
"GPT","Free","both",12,0.977083333333333,3.01458333333333
"GPT","Free","both",13,0.966796875,2.982421875
"GPT","Free","both",14,0.972641509433962,2.97264150943396
"GPT","Free","both",15,0.98015873015873,3.00595238095238
"GPT","Free","both",16,0.983228511530398,3.04088050314465
"GPT","Free","both",17,0.971175166297118,3.00485436893204
"GPT","Free","both",18,0.971943887775551,2.9749498997996
"GPT","Free","both",19,0.976694915254237,2.9396186440678
"GPT","Free","both",20,0.982107355864811,3.01391650099404
"GPT","Free","none",11,0.923,2.844
"GPT","Free","none",12,0.916173570019724,2.79684418145957
"GPT","Free","none",13,0.923762376237624,2.82079207920792
"GPT","Free","none",14,0.962450592885376,2.95059288537549
"GPT","Free","none",15,0.948543689320388,2.87572815533981
"GPT","Free","none",16,0.924212598425197,2.84055118110236
"GPT","Free","none",17,0.935684647302905,2.90248962655602
"GPT","Free","none",18,0.94810379241517,2.95808383233533
"GPT","Free","none",19,0.956289978678038,2.91897654584222
"GPT","Free","none",20,0.937113402061856,2.82577319587629
"GPT","Free","gossip",11,0.937625754527163,2.85714285714286
"GPT","Free","gossip",12,0.95050505050505,2.93232323232323
"GPT","Free","gossip",13,0.942084942084942,2.91505791505792
"GPT","Free","gossip",14,0.930861723446894,2.89779559118236
"GPT","Free","gossip",15,0.914171656686627,2.78443113772455
"GPT","Free","gossip",16,0.932509505703422,2.85931558935361
"GPT","Free","gossip",17,0.945610687022901,2.89312977099237
"GPT","Free","gossip",18,0.93421052631579,2.82785087719298
"GPT","Free","gossip",19,0.935924369747899,2.92226890756303
"GPT","Free","gossip",20,0.945770065075922,2.8590021691974
"GPT","Free","between",11,0.96605504587156,2.95045871559633
"GPT","Free","between",12,0.964737793851718,2.98010849909584
"GPT","Free","between",13,0.964285714285714,2.93650793650794
"GPT","Free","between",14,0.966216216216216,2.98423423423423
"GPT","Free","between",15,0.974630021141649,3.00951374207188
"GPT","Free","between",16,0.976653696498054,2.96789883268483
"GPT","Free","between",17,0.971844660194175,3.00485436893204
"GPT","Free","between",18,0.972332015810277,2.89920948616601
"GPT","Free","between",19,0.962818003913894,3.00684931506849
"GPT","Free","between",20,0.972573839662447,3.0084388185654
"Mini","Free","both",21,0.94949494949495,2.94444444444444
"Mini","Free","both",22,0.945010183299389,2.9786150712831
"Mini","Free","both",23,0.947422680412371,2.98556701030928
"Mini","Free","both",24,0.940944881889764,2.98818897637795
"Mini","Free","both",25,0.929111531190926,2.94517958412098
"Mini","Free","both",26,0.94421906693712,2.97565922920893
"Mini","Free","both",27,0.929824561403509,2.94541910331384
"Mini","Free","both",28,0.942857142857143,3.00408163265306
"Mini","Free","both",29,0.950570342205323,2.96958174904943
"Mini","Free","both",30,0.936708860759494,2.91772151898734
"Mini","Free","none",21,0.883962264150943,2.72358490566038
"Mini","Free","none",22,0.900568181818182,2.81818181818182
"Mini","Free","none",23,0.923413566739606,2.91684901531729
"Mini","Free","none",24,0.915533980582524,2.85339805825243
"Mini","Free","none",25,0.923828125,2.85546875
"Mini","Free","none",26,0.860074626865672,2.62686567164179
"Mini","Free","none",27,0.911949685534591,2.84171907756813
"Mini","Free","none",28,0.903846153846154,2.81623931623932
"Mini","Free","none",29,0.905102040816326,2.78571428571429
"Mini","Free","none",30,0.88719512195122,2.76321138211382
"Mini","Free","gossip",21,0.922379032258064,2.87096774193548
"Mini","Free","gossip",22,0.906976744186046,2.86531007751938
"Mini","Free","gossip",23,0.910229645093946,2.83507306889353
"Mini","Free","gossip",24,0.890891840607211,2.74952561669829
"Mini","Free","gossip",25,0.919132149901381,2.81459566074951
"Mini","Free","gossip",26,0.898809523809524,2.82738095238095
"Mini","Free","gossip",27,0.900191938579655,2.84069097888676
"Mini","Free","gossip",28,0.918307086614173,2.9005905511811
"Mini","Free","gossip",29,0.93992606284658,2.92236598890943
"Mini","Free","gossip",30,0.897540983606557,2.84323770491803
"Mini","Free","between",21,0.923625254582485,2.95112016293279
"Mini","Free","between",22,0.956565656565657,2.96363636363636
"Mini","Free","between",23,0.937137330754352,2.93036750483559
"Mini","Free","between",24,0.954011741682974,3.01174168297456
"Mini","Free","between",25,0.952334630350194,3.01459143968872
"Mini","Free","between",26,0.930861723446894,2.90881763527054
"Mini","Free","between",27,0.943820224719101,3.05243445692884
"Mini","Free","between",28,0.934782608695652,2.99505928853755
"Mini","Free","between",29,0.932186234817814,2.97267206477733
"Mini","Free","between",30,0.934689507494647,2.97751605995717
"Mini","Forced","none",21,0.920454545454545,2.90702479338843
"Mini","Forced","none",22,0.892570281124498,2.81526104417671
"Mini","Forced","none",23,0.868209255533199,2.72434607645875
"Mini","Forced","none",24,0.920550847457627,2.83792372881356
"Mini","Forced","none",25,0.880952380952381,2.7752380952381
"Mini","Forced","none",26,0.919103313840156,2.864522417154
"Mini","Forced","none",27,0.890455531453362,2.77006507592191
"Mini","Forced","none",28,0.909961685823755,2.83620689655172
"Mini","Forced","none",29,0.90169133192389,2.82663847780127
"Mini","Forced","none",30,0.877398720682303,2.79211087420043
"Mini","Forced","gossip",21,0.907446808510638,2.82978723404255
"Mini","Forced","gossip",22,0.898305084745763,2.77212806026365
"Mini","Forced","gossip",23,0.903030303030303,2.82020202020202
"Mini","Forced","gossip",24,0.87781954887218,2.76033834586466
"Mini","Forced","gossip",25,0.900398406374502,2.80577689243028
"Mini","Forced","gossip",26,0.903092783505155,2.84742268041237
"Mini","Forced","gossip",27,0.901303538175047,2.79422718808194
"Mini","Forced","gossip",28,0.914370078740158,2.87007874015748
"Mini","Forced","gossip",29,0.885375494071146,2.74308300395257
"Mini","Forced","gossip",30,0.894787644787645,2.83108108108108
"Mini","Forced","between",21,0.932150313152401,2.95407098121086
"Mini","Forced","between",22,0.947162426614481,3.03913894324853
"Mini","Forced","between",23,0.922365988909427,2.91682070240296
"Mini","Forced","between",24,0.931818181818182,2.99209486166008
"Mini","Forced","between",25,0.922505307855626,2.9171974522293
"Mini","Forced","between",26,0.928879310344828,2.97629310344828
"Mini","Forced","between",27,0.940545808966862,2.97855750487329
"Mini","Forced","between",28,0.927435387673956,2.96918489065606
"Mini","Forced","between",29,0.942468619246862,2.99372384937239
"Mini","Forced","between",30,0.925105485232068,2.98839662447257
"Mini","Forced","both",21,0.943089430894309,2.99186991869919
"Mini","Forced","both",22,0.940625,2.92083333333333
"Mini","Forced","both",23,0.935420743639922,2.93150684931507
"Mini","Forced","both",24,0.933551198257081,2.98910675381264
"Mini","Forced","both",25,0.944444444444444,2.96581196581197
"Mini","Forced","both",26,0.94331983805668,2.93016194331984
"Mini","Forced","both",27,0.945833333333333,2.94375
"Mini","Forced","both",28,0.93011811023622,2.96259842519685
"Mini","Forced","both",29,0.923076923076923,2.90852390852391
"Mini","Forced","both",30,0.945219123505976,2.98804780876494
"Nano","Free","both",21,0.956211812627291,2.92566191446029
"Nano","Free","both",22,0.926977687626775,2.86612576064909
"Nano","Free","both",23,0.944327731092437,2.88655462184874
"Nano","Free","both",24,0.955602536997886,2.98625792811839
"Nano","Free","both",25,0.925892857142857,2.89375
"Nano","Free","both",26,0.948897795591182,2.90480961923848
"Nano","Free","both",27,0.936660268714012,2.87332053742802
"Nano","Free","both",28,0.918831168831169,2.87012987012987
"Nano","Free","both",29,0.925454545454545,2.82818181818182
"Nano","Free","both",30,0.93812375249501,2.87824351297405
"Nano","Free","none",21,0.906189555125725,2.8742746615087
"Nano","Free","none",22,0.908405172413793,2.82758620689655
"Nano","Free","none",23,0.878968253968254,2.78174603174603
"Nano","Free","none",24,0.911710037174721,2.93401486988848
"Nano","Free","none",25,0.8974609375,2.8662109375
"Nano","Free","none",26,0.900961538461538,2.80769230769231
"Nano","Free","none",27,0.886773547094188,2.8186372745491
"Nano","Free","none",28,0.917148362235068,2.86416184971098
"Nano","Free","none",29,0.913829787234042,2.86063829787234
"Nano","Free","none",30,0.894628099173554,2.82438016528926
"Nano","Free","gossip",21,0.899810964083176,2.82325141776938
"Nano","Free","gossip",22,0.880081300813008,2.7469512195122
"Nano","Free","gossip",23,0.900414937759336,2.78008298755187
"Nano","Free","gossip",24,0.91566265060241,2.85341365461847
"Nano","Free","gossip",25,0.912681912681913,2.84927234927235
"Nano","Free","gossip",26,0.924698795180723,2.89357429718876
"Nano","Free","gossip",27,0.895348837209302,2.79263565891473
"Nano","Free","gossip",28,0.906679764243615,2.8516699410609
"Nano","Free","gossip",29,0.898422090729783,2.80867850098619
"Nano","Free","gossip",30,0.903769841269841,2.84027777777778
"Nano","Free","between",21,0.938155136268344,2.90251572327044
"Nano","Free","between",22,0.918762088974855,2.81721470019342
"Nano","Free","between",23,0.948176583493282,2.94145873320537
"Nano","Free","between",24,0.928260869565217,2.92173913043478
"Nano","Free","between",25,0.942115768463074,2.92415169660679
"Nano","Free","between",26,0.939121756487026,2.96506986027944
"Nano","Free","between",27,0.948434622467772,2.92541436464088
"Nano","Free","between",28,0.932562620423892,2.84393063583815
"Nano","Free","between",29,0.934362934362934,2.88513513513514
"Nano","Free","between",30,0.940162271805274,2.84077079107505
"GPT","Free","both",21,0.976,2.955
"GPT","Free","both",22,0.979125248508946,2.98011928429423
"GPT","Free","both",23,0.990546218487395,3.00840336134454
"GPT","Free","both",24,0.974409448818898,2.96161417322835
"GPT","Free","both",25,0.95531914893617,2.92021276595745
"GPT","Free","both",26,0.977443609022556,2.97744360902256
"GPT","Free","both",27,0.982438016528926,2.99793388429752
"GPT","Free","both",28,0.970164609053498,3.00925925925926
"GPT","Free","both",29,0.971717171717172,2.9989898989899
"GPT","Free","both",30,0.971398305084746,2.95444915254237
"GPT","Free","none",21,0.947698744769874,2.89330543933054
"GPT","Free","none",22,0.971311475409836,2.9702868852459
"GPT","Free","none",23,0.94,2.825
"GPT","Free","none",24,0.937250996015936,2.85159362549801
"GPT","Free","none",25,0.940384615384615,2.86442307692308
"GPT","Free","none",26,0.961,2.919
"GPT","Free","none",27,0.937732342007435,2.83736059479554
"GPT","Free","none",28,0.929141716566866,2.84331337325349
"GPT","Free","none",29,0.917355371900826,2.83471074380165
"GPT","Free","none",30,0.934549356223176,2.76609442060086
"GPT","Free","gossip",21,0.914705882352941,2.78823529411765
"GPT","Free","gossip",22,0.94916820702403,2.88817005545287
"GPT","Free","gossip",23,0.947959183673469,2.88265306122449
"GPT","Free","gossip",24,0.941351888667992,2.85785288270378
"GPT","Free","gossip",25,0.927145708582834,2.9121756487026
"GPT","Free","gossip",26,0.922105263157895,2.87052631578947
"GPT","Free","gossip",27,0.917190775681342,2.84800838574423
"GPT","Free","gossip",28,0.905511811023622,2.79527559055118
"GPT","Free","gossip",29,0.938008130081301,2.90243902439024
"GPT","Free","gossip",30,0.945972495088409,2.92141453831041
"GPT","Free","between",21,0.954720616570328,2.96917148362235
"GPT","Free","between",22,0.964944649446494,2.95387453874539
"GPT","Free","between",23,0.970347648261759,2.94069529652352
"GPT","Free","between",24,0.953488372093023,2.9796511627907
"GPT","Free","between",25,0.969289827255278,2.989443378119
"GPT","Free","between",26,0.98,3.01238095238095
"GPT","Free","between",27,0.967479674796748,2.96138211382114
"GPT","Free","between",28,0.965867158671587,2.9880073800738
"GPT","Free","between",29,0.973360655737705,2.94159836065574
"GPT","Free","between",30,0.972515856236786,3.00845665961945
"Mini","Free","both",31,0.946462715105163,3.0038240917782
"Mini","Free","both",32,0.940265486725664,2.95132743362832
"Mini","Free","both",33,0.939457202505219,2.93423799582463
"Mini","Free","both",34,0.951680672268908,2.91386554621849
"Mini","Free","both",35,0.945031712473573,2.94714587737844
"Mini","Free","both",36,0.93359375,2.990234375
"Mini","Free","both",37,0.954831932773109,2.9390756302521
"Mini","Free","both",38,0.945759368836292,2.92998027613412
"Mini","Free","both",39,0.947731755424063,2.92702169625247
"Mini","Free","both",40,0.951612903225806,2.98292220113852
"Mini","Free","both",41,0.940839694656488,2.92652671755725
"Mini","Free","both",42,0.951578947368421,2.93684210526316
"Mini","Free","both",43,0.938432835820896,2.97201492537313
"Mini","Free","both",44,0.950733752620545,3.0125786163522
"Mini","Free","both",45,0.934020618556701,2.93711340206186
"Mini","Free","both",46,0.94979079497908,3.01882845188284
"Mini","Free","both",47,0.944676409185804,2.95824634655532
"Mini","Free","both",48,0.922222222222222,2.86481481481481
"Mini","Free","both",49,0.947628458498024,2.96640316205534
"Mini","Free","both",50,0.93,2.90777777777778
"Mini","Free","none",31,0.919354838709677,2.81350806451613
"Mini","Free","none",32,0.9150390625,2.8642578125
"Mini","Free","none",33,0.924361493123772,2.92436149312377
"Mini","Free","none",34,0.914110429447853,2.83231083844581
"Mini","Free","none",35,0.914512922465209,2.86083499005964
"Mini","Free","none",36,0.902830188679245,2.83018867924528
"Mini","Free","none",37,0.927466150870406,2.92359767891683
"Mini","Free","none",38,0.901673640167364,2.73535564853557
"Mini","Free","none",39,0.926275992438563,2.92911153119093
"Mini","Free","none",40,0.928425357873211,2.87832310838446
"Mini","Free","none",41,0.89334637964775,2.79452054794521
"Mini","Free","none",42,0.890449438202247,2.82865168539326
"Mini","Free","none",43,0.876673040152964,2.72370936902486
"Mini","Free","none",44,0.865426695842451,2.70568927789934
"Mini","Free","none",45,0.901574803149606,2.8001968503937
"Mini","Free","none",46,0.914750957854406,2.81226053639847
"Mini","Free","none",47,0.930037313432836,2.90111940298507
"Mini","Free","none",48,0.910394265232975,2.84498207885305
"Mini","Free","none",49,0.918580375782881,2.91231732776618
"Mini","Free","none",50,0.937381404174573,2.88899430740038
"Mini","Free","gossip",31,0.906679764243615,2.83889980353635
"Mini","Free","gossip",32,0.882591093117409,2.76518218623482
"Mini","Free","gossip",33,0.892249527410208,2.79017013232514
"Mini","Free","gossip",34,0.9,2.79811320754717
"Mini","Free","gossip",35,0.928131416837782,2.85728952772074
"Mini","Free","gossip",36,0.874274661508704,2.72340425531915
"Mini","Free","gossip",37,0.920682730923695,2.90261044176707
"Mini","Free","gossip",38,0.93495145631068,2.95533980582524
"Mini","Free","gossip",39,0.875259875259875,2.74324324324324
"Mini","Free","gossip",40,0.870901639344262,2.68135245901639
"Mini","Free","gossip",41,0.925531914893617,2.85589941972921
"Mini","Free","gossip",42,0.901140684410646,2.83650190114068
"Mini","Free","gossip",43,0.911042944785276,2.86298568507157
"Mini","Free","gossip",44,0.904527559055118,2.80610236220472
"Mini","Free","gossip",45,0.877245508982036,2.72754491017964
"Mini","Free","gossip",46,0.888438133874239,2.83265720081136
"Mini","Free","gossip",47,0.900943396226415,2.82452830188679
"Mini","Free","gossip",48,0.885964912280702,2.7504873294347
"Mini","Free","gossip",49,0.919715447154472,2.86788617886179
"Mini","Free","gossip",50,0.911764705882353,2.84819734345351
"Mini","Free","between",31,0.935684647302905,2.96576763485477
"Mini","Free","between",32,0.937759336099585,2.95435684647303
"Mini","Free","between",33,0.943916349809886,2.97148288973384
"Mini","Free","between",34,0.937858508604206,2.93690248565966
"Mini","Free","between",35,0.928,2.891
"Mini","Free","between",36,0.936580882352941,2.96691176470588
"Mini","Free","between",37,0.929791271347249,2.92599620493359
"Mini","Free","between",38,0.932754880694143,2.98481561822126
"Mini","Free","between",39,0.951644100580271,2.97485493230174
"Mini","Free","between",40,0.948643410852713,3.02519379844961
"Mini","Free","between",41,0.954935622317596,3.00643776824034
"Mini","Free","between",42,0.956565656565657,3.05050505050505
"Mini","Free","between",43,0.936734693877551,2.95102040816327
"Mini","Free","between",44,0.943204868154158,2.99797160243408
"Mini","Free","between",45,0.936902485659656,2.95219885277247
"Mini","Free","between",46,0.939024390243902,2.92682926829268
"Mini","Free","between",47,0.936660268714012,2.98368522072937
"Mini","Free","between",48,0.916498993963783,2.92354124748491
"Mini","Free","between",49,0.923611111111111,2.91269841269841
"Mini","Free","between",50,0.940828402366864,2.98816568047337
"Mini","Forced","none",31,0.923518164435946,2.91013384321224
"Mini","Forced","none",32,0.898969072164948,2.7659793814433
"Mini","Forced","none",33,0.897233201581028,2.82114624505929
"Mini","Forced","none",34,0.901673640167364,2.81799163179916
"Mini","Forced","none",35,0.902414486921529,2.75653923541247
"Mini","Forced","none",36,0.907975460122699,2.84662576687117
"Mini","Forced","none",37,0.900199600798403,2.81636726546906
"Mini","Forced","none",38,0.892418032786885,2.77151639344262
"Mini","Forced","none",39,0.91869918699187,2.90142276422764
"Mini","Forced","none",40,0.897959183673469,2.84795918367347
"Mini","Forced","none",41,0.880903490759754,2.80800821355236
"Mini","Forced","none",42,0.895463510848126,2.87376725838264
"Mini","Forced","none",43,0.89517625231911,2.80333951762523
"Mini","Forced","none",44,0.898760330578512,2.82747933884298
"Mini","Forced","none",45,0.912621359223301,2.83203883495146
"Mini","Forced","none",46,0.896586345381526,2.80421686746988
"Mini","Forced","none",47,0.873267326732673,2.72673267326733
"Mini","Forced","none",48,0.910958904109589,2.87279843444227
"Mini","Forced","none",49,0.920841683366733,2.84468937875751
"Mini","Forced","none",50,0.921052631578947,2.90977443609023
"Mini","Forced","gossip",31,0.910204081632653,2.84591836734694
"Mini","Forced","gossip",32,0.888246628131021,2.82080924855491
"Mini","Forced","gossip",33,0.905797101449275,2.82336956521739
"Mini","Forced","gossip",34,0.910750507099391,2.80223123732252
"Mini","Forced","gossip",35,0.915611814345992,2.84493670886076
"Mini","Forced","gossip",36,0.918200408997955,2.84764826175869
"Mini","Forced","gossip",37,0.901408450704225,2.81891348088531
"Mini","Forced","gossip",38,0.886939571150097,2.81481481481481
"Mini","Forced","gossip",39,0.890486725663717,2.84181415929204
"Mini","Forced","gossip",40,0.899577167019027,2.8276955602537
"Mini","Forced","gossip",41,0.895161290322581,2.79233870967742
"Mini","Forced","gossip",42,0.933194154488518,2.92797494780793
"Mini","Forced","gossip",43,0.905075187969925,2.80545112781955
"Mini","Forced","gossip",44,0.890562248995984,2.77008032128514
"Mini","Forced","gossip",45,0.915841584158416,2.87326732673267
"Mini","Forced","gossip",46,0.900934579439252,2.81401869158879
"Mini","Forced","gossip",47,0.900406504065041,2.82215447154472
"Mini","Forced","gossip",48,0.870488322717622,2.71125265392781
"Mini","Forced","gossip",49,0.897388059701492,2.84421641791045
"Mini","Forced","gossip",50,0.922924901185771,2.87845849802372
"Mini","Forced","between",31,0.926851851851852,2.97407407407407
"Mini","Forced","between",32,0.922138836772983,2.91744840525328
"Mini","Forced","between",33,0.940695296523517,2.93456032719836
"Mini","Forced","between",34,0.939655172413793,2.97701149425287
"Mini","Forced","between",35,0.937137330754352,2.95551257253385
"Mini","Forced","between",36,0.925298804780876,2.91235059760956
"Mini","Forced","between",37,0.925553319919517,2.95674044265594
"Mini","Forced","between",38,0.925047438330171,2.93168880455408
"Mini","Forced","between",39,0.92490494296578,2.93060836501901
"Mini","Forced","between",40,0.935114503816794,2.99045801526718
"Mini","Forced","between",41,0.938577586206897,2.96443965517241
"Mini","Forced","between",42,0.909090909090909,2.88781431334623
"Mini","Forced","between",43,0.923762376237624,2.96336633663366
"Mini","Forced","between",44,0.916666666666667,2.90084388185654
"Mini","Forced","between",45,0.947674418604651,2.97480620155039
"Mini","Forced","between",46,0.942196531791908,3.04046242774566
"Mini","Forced","between",47,0.934905660377358,2.92830188679245
"Mini","Forced","between",48,0.928270042194093,2.92194092827004
"Mini","Forced","between",49,0.923236514522822,2.98547717842324
"Mini","Forced","between",50,0.942505133470226,3.00616016427105
"Mini","Forced","both",31,0.933399602385686,2.96023856858847
"Mini","Forced","both",32,0.95063025210084,2.96848739495798
"Mini","Forced","both",33,0.940661478599222,2.93287937743191
"Mini","Forced","both",34,0.94291754756871,2.99365750528541
"Mini","Forced","both",35,0.943786982248521,3.04043392504931
"Mini","Forced","both",36,0.947791164658635,3.00401606425703
"Mini","Forced","both",37,0.93859649122807,3.01169590643275
"Mini","Forced","both",38,0.952848722986248,3.07072691552063
"Mini","Forced","both",39,0.950187969924812,2.9812030075188
"Mini","Forced","both",40,0.946540880503145,3.0293501048218
"Mini","Forced","both",41,0.940881763527054,2.97094188376753
"Mini","Forced","both",42,0.942015209125475,2.98479087452471
"Mini","Forced","both",43,0.933747412008282,2.98447204968944
"Mini","Forced","both",44,0.9375,2.939453125
"Mini","Forced","both",45,0.946640316205534,2.96837944664032
"Mini","Forced","both",46,0.950676982591876,2.92746615087041
"Mini","Forced","both",47,0.943452380952381,2.92361111111111
"Mini","Forced","both",48,0.924098671726755,2.91935483870968
"Mini","Forced","both",49,0.92827868852459,2.96618852459016
"Mini","Forced","both",50,0.934607645875252,2.91146881287726
"Nano","Free","both",31,0.932457786116323,2.8733583489681
"Nano","Free","both",32,0.947852760736196,2.93456032719836
"Nano","Free","both",33,0.920652173913043,2.85434782608696
"Nano","Free","both",34,0.94551282051282,2.87393162393162
"Nano","Free","both",35,0.928730512249443,2.87305122494432
"Nano","Free","both",36,0.958254269449715,2.95825426944972
"Nano","Free","both",37,0.933586337760911,2.90322580645161
"Nano","Free","both",38,0.944237918215613,2.93122676579926
"Nano","Free","both",39,0.917008196721312,2.7858606557377
"Nano","Free","both",40,0.945269016697588,2.95269016697588
"Nano","Free","both",41,0.933852140077821,2.94941634241245
"Nano","Free","both",42,0.9208984375,2.873046875
"Nano","Free","both",43,0.927974947807933,2.88622129436326
"Nano","Free","both",44,0.951335877862595,2.93320610687023
"Nano","Free","both",45,0.95656779661017,2.96398305084746
"Nano","Free","both",46,0.95190380761523,2.91983967935872
"Nano","Free","both",47,0.936605316973415,2.9478527607362
"Nano","Free","both",48,0.929591836734694,2.90612244897959
"Nano","Free","both",49,0.933062880324544,2.8448275862069
"Nano","Free","both",50,0.944444444444444,2.91452991452991
"Nano","Free","none",31,0.899793388429752,2.83264462809917
"Nano","Free","none",32,0.903883495145631,2.80194174757282
"Nano","Free","none",33,0.917457305502846,2.8899430740038
"Nano","Free","none",34,0.892430278884462,2.8496015936255
"Nano","Free","none",35,0.874220374220374,2.73492723492723
"Nano","Free","none",36,0.917777777777778,2.87333333333333
"Nano","Free","none",37,0.914194915254237,2.84639830508475
"Nano","Free","none",38,0.9,2.78173076923077
"Nano","Free","none",39,0.906813627254509,2.84268537074148
"Nano","Free","none",40,0.901821862348178,2.80668016194332
"Nano","Free","none",41,0.892233009708738,2.75533980582524
"Nano","Free","none",42,0.904809619238477,2.84468937875751
"Nano","Free","none",43,0.911009174311927,2.88899082568807
"Nano","Free","none",44,0.885796545105566,2.7763915547025
"Nano","Free","none",45,0.913223140495868,2.89359504132231
"Nano","Free","none",46,0.886029411764706,2.83363970588235
"Nano","Free","none",47,0.900188323917137,2.84463276836158
"Nano","Free","none",48,0.900216919739696,2.81344902386117
"Nano","Free","none",49,0.908898305084746,2.88877118644068
"Nano","Free","none",50,0.9,2.78387096774194
"Nano","Free","gossip",31,0.886458333333333,2.859375
"Nano","Free","gossip",32,0.90625,2.87600806451613
"Nano","Free","gossip",33,0.910337552742616,2.88291139240506
"Nano","Free","gossip",34,0.888548057259714,2.73926380368098
"Nano","Free","gossip",35,0.910309278350515,2.83917525773196
"Nano","Free","gossip",36,0.892578125,2.8251953125
"Nano","Free","gossip",37,0.890196078431372,2.82254901960784
"Nano","Free","gossip",38,0.901273885350318,2.85244161358811
"Nano","Free","gossip",39,0.902286902286902,2.93035343035343
"Nano","Free","gossip",40,0.895192307692308,2.79326923076923
"Nano","Free","gossip",41,0.890342052313883,2.76659959758551
"Nano","Free","gossip",42,0.894837476099426,2.83938814531549
"Nano","Free","gossip",43,0.92495126705653,2.86939571150097
"Nano","Free","gossip",44,0.885281385281385,2.82792207792208
"Nano","Free","gossip",45,0.917953667953668,2.88320463320463
"Nano","Free","gossip",46,0.888211382113821,2.80081300813008
"Nano","Free","gossip",47,0.901109057301294,2.80591497227357
"Nano","Free","gossip",48,0.886270491803279,2.78893442622951
"Nano","Free","gossip",49,0.887814313346228,2.79593810444874
"Nano","Free","gossip",50,0.906183368869936,2.78251599147122
"Nano","Free","between",31,0.934511434511434,2.90956340956341
"Nano","Free","between",32,0.912995594713656,2.8590308370044
"Nano","Free","between",33,0.935272045028142,2.8733583489681
"Nano","Free","between",34,0.932432432432432,2.89478764478764
"Nano","Free","between",35,0.945525291828794,2.93968871595331
"Nano","Free","between",36,0.944664031620553,2.91798418972332
"Nano","Free","between",37,0.940613026819923,2.88122605363985
"Nano","Free","between",38,0.945974576271186,2.91949152542373
"Nano","Free","between",39,0.925298804780876,2.92330677290837
"Nano","Free","between",40,0.922090729783038,2.8974358974359
"Nano","Free","between",41,0.941682600382409,2.9282982791587
"Nano","Free","between",42,0.942990654205608,2.9411214953271
"Nano","Free","between",43,0.916,2.849
"Nano","Free","between",44,0.932539682539683,2.88392857142857
"Nano","Free","between",45,0.954059829059829,2.9508547008547
"Nano","Free","between",46,0.936842105263158,2.92631578947368
"Nano","Free","between",47,0.939549180327869,2.86270491803279
"Nano","Free","between",48,0.926877470355731,2.87944664031621
"Nano","Free","between",49,0.931640625,2.888671875
"Nano","Free","between",50,0.927685950413223,2.83780991735537
"GPT","Free","both",31,0.97577519379845,2.91763565891473
"GPT","Free","both",32,0.976626016260163,3.02134146341463
"GPT","Free","both",33,0.980532786885246,3.01434426229508
"GPT","Free","both",34,0.976626016260163,2.95325203252033
"GPT","Free","both",35,0.982617586912066,2.9560327198364
"GPT","Free","both",36,0.97319587628866,2.91855670103093
"GPT","Free","both",37,0.976666666666667,2.94555555555556
"GPT","Free","both",38,0.977064220183486,3.00550458715596
"GPT","Free","both",39,0.974444444444444,2.94777777777778
"GPT","Free","both",40,0.972007722007722,2.97393822393822
"GPT","Free","both",41,0.981519507186858,3.00616016427105
"GPT","Free","both",42,0.972433460076046,2.94011406844106
"GPT","Free","both",43,0.986734693877551,2.95102040816327
"GPT","Free","both",44,0.968302658486708,2.98159509202454
"GPT","Free","both",45,0.96608527131783,2.92926356589147
"GPT","Free","both",46,0.975103734439834,2.99688796680498
"GPT","Free","both",47,0.981561822125813,2.98156182212581
"GPT","Free","both",48,0.983014861995754,3.04140127388535
"GPT","Free","both",49,0.972448979591837,2.98367346938775
"GPT","Free","both",50,0.983430799220273,2.97173489278752
"GPT","Free","none",31,0.952282157676348,2.92634854771784
"GPT","Free","none",32,0.935714285714286,2.83877551020408
"GPT","Free","none",33,0.937636761487965,2.88183807439825
"GPT","Free","none",34,0.913502109704641,2.79957805907173
"GPT","Free","none",35,0.946629213483146,2.91104868913858
"GPT","Free","none",36,0.938383838383838,2.87070707070707
"GPT","Free","none",37,0.93713163064833,2.8614931237721
"GPT","Free","none",38,0.95578947368421,2.89157894736842
"GPT","Free","none",39,0.953934740882918,2.94721689059501
"GPT","Free","none",40,0.923762376237624,2.81980198019802
"GPT","Free","none",41,0.920743639921722,2.83365949119374
"GPT","Free","none",42,0.928861788617886,2.84451219512195
"GPT","Free","none",43,0.927551020408163,2.86326530612245
"GPT","Free","none",44,0.928118393234672,2.84672304439746
"GPT","Free","none",45,0.931467181467181,2.92277992277992
"GPT","Free","none",46,0.901408450704225,2.74446680080483
"GPT","Free","none",47,0.959340659340659,2.91978021978022
"GPT","Free","none",48,0.920718816067653,2.79175475687104
"GPT","Free","none",49,0.948412698412698,2.8968253968254
"GPT","Free","none",50,0.942607003891051,2.90272373540856
"GPT","Free","gossip",31,0.954459203036053,2.92220113851992
"GPT","Free","gossip",32,0.920318725099602,2.85557768924303
"GPT","Free","gossip",33,0.913207547169811,2.80471698113208
"GPT","Free","gossip",34,0.927865612648221,2.79249011857708
"GPT","Free","gossip",35,0.924395161290323,2.78729838709677
"GPT","Free","gossip",36,0.92094861660079,2.81916996047431
"GPT","Free","gossip",37,0.909506398537477,2.77787934186472
"GPT","Free","gossip",38,0.91703056768559,2.8471615720524
"GPT","Free","gossip",39,0.950191570881226,2.87931034482759
"GPT","Free","gossip",40,0.94047619047619,2.84424603174603
"GPT","Free","gossip",41,0.941371681415929,2.84955752212389
"GPT","Free","gossip",42,0.934782608695652,2.86067193675889
"GPT","Free","gossip",43,0.931775700934579,2.88411214953271
"GPT","Free","gossip",44,0.957661290322581,2.91129032258065
"GPT","Free","gossip",45,0.959381044487427,2.9458413926499
"GPT","Free","gossip",46,0.92495126705653,2.7962962962963
"GPT","Free","gossip",47,0.931547619047619,2.89384920634921
"GPT","Free","gossip",48,0.92953667953668,2.86969111969112
"GPT","Free","gossip",49,0.942574257425742,2.9029702970297
"GPT","Free","gossip",50,0.910358565737052,2.76494023904382
"GPT","Free","between",31,0.982758620689655,2.99188640973631
"GPT","Free","between",32,0.976953907815631,3.07815631262525
"GPT","Free","between",33,0.976626016260163,2.95121951219512
"GPT","Free","between",34,0.978682170542636,2.99127906976744
"GPT","Free","between",35,0.97228144989339,3.03731343283582
"GPT","Free","between",36,0.973856209150327,2.97167755991285
"GPT","Free","between",37,0.956701030927835,2.97525773195876
"GPT","Free","between",38,0.969123505976096,2.95219123505976
"GPT","Free","between",39,0.966873706004141,2.96169772256729
"GPT","Free","between",40,0.972587719298246,3.01535087719298
"GPT","Free","between",41,0.978350515463918,3.00927835051546
"GPT","Free","between",42,0.971349353049908,2.9445471349353
"GPT","Free","between",43,0.9648033126294,2.95445134575569
"GPT","Free","between",44,0.966417910447761,2.94776119402985
"GPT","Free","between",45,0.9638671875,2.986328125
"GPT","Free","between",46,0.98238747553816,3.0293542074364
"GPT","Free","between",47,0.969548133595285,2.95481335952849
"GPT","Free","between",48,0.965686274509804,2.95294117647059
"GPT","Free","between",49,0.983772819472617,2.97464503042596
"GPT","Free","between",50,0.96608527131783,2.94961240310078
